<?xml version="1.0" encoding="UTF-8"?>
<beans xmlns="http://www.springframework.org/schema/beans"
	xmlns:xsi="http://www.w3.org/2001/XMLSchema-instance"
	xmlns:context="http://www.springframework.org/schema/context"
	xsi:schemaLocation="http://www.springframework.org/schema/beans https://www.springframework.org/schema/beans/spring-beans.xsd
		http://www.springframework.org/schema/context http://www.springframework.org/schema/context/spring-context-4.3.xsd">
	
	<!-- Root Context: defines shared resources visible to all other web components -->
	
<!-- 	3개 -->
	<bean id="ds" class="org.springframework.jdbc.datasource.DriverManagerDataSource">
		<property name="url" value="jdbc:mysql://localhost:3305/ssafydb?serverTimezone=UTC&amp;characterEncoding=UTF-8&amp;useSSL=false"></property>
		<property name="driverClassName" value="com.mysql.cj.jdbc.Driver"></property>
		<property name="username" value="ssafy"></property>
		<property name="password" value="ssafy"></property>
	</bean>
	
	<bean id="fac" class="org.mybatis.spring.SqlSessionFactoryBean">
		<property name="dataSource" ref="ds"/>
		<property name="mapperLocations" value="classpath:/**/mapper/*.xml"/>
		<property name="typeAliasesPackage" value="com.ssafy.board.dto"></property>
	</bean>
	
	<bean class="org.mybatis.spring.SqlSessionTemplate">
		<constructor-arg ref="fac"></constructor-arg>
	</bean>
	
	<context:component-scan base-package="com.ssafy.board"></context:component-scan>
	
	
		
</beans>
