<?xml version="1.0" encoding="UTF-8"?>
<!DOCTYPE mapper PUBLIC "-//mybatis.org//DTD Mapper 3.0//EN" "http://mybatis.org/dtd/mybatis-3-mapper.dtd">
<mapper namespace="board-mapper">
	<insert id="insert" parameterType="BoardDTO">
		INSERT INTO BOARD
		(USERID,TITLE,CONTENT,HIT,REGTIME)
		VALUES
		(#{userid},#{title},#{content},0,now())
	</insert>
	
	<select id="selectAll" resultType="BoardDTO">
		SELECT * FROM BOARD
	</select>
	
	<select id="selectBoard" parameterType="int" resultType="BoardDTO">
		SELECT * FROM BOARD WHERE ARTICLENO = #{articleno}
	</select>

	<update id="updateBoard" parameterType="BoardDTO">
		UPDATE BOARD SET title = #{title}, CONTENT=#{content}, REGTIME=now() WHERE ARTICLENO=#{articleno}
	</update>
	
	<delete id="deleteBoard" parameterType="int">
		DELETE FROM BOARD WHERE ARTICLENO=#{no}
	</delete>
	
</mapper>

