<?xml version="1.0" encoding="UTF-8"?>
<!DOCTYPE mapper PUBLIC "-//mybatis.org//DTD Mapper 3.0//EN" "http://mybatis.org/dtd/mybatis-3-mapper.dtd">
<mapper namespace="s_emp">
	
	<select id="select" resultType="Employee">
		select * from s_emp
		<if test="id != 0">
			where id=#{id}
		</if>
		<if test="name != null">
			where name=#{name}
		</if>
		<if test="manager_id != 0">
			where manager_id=#{manager_id}
		</if>
		<if test="title != null">
			where title=#{title}
		</if>
		<if test="dept_id != 0">
			where dept_id=#{dept_id}
		</if>
	</select>


	<insert id="insert">
		insert into s_emp values
		(#{id},#{name},#{mailid},#{start_date},#{manager_id},#{title},#{dept_id},#{salary},#{commission_pct})
	</insert>
	
	<delete id="delete">
		delete from s_emp 
		where id=#{no}
	</delete>
	
	<update id="update">
		update s_emp 
		set name=#{name},mailid=#{mailid},start_date=#{start_date},manager_id=#{manager_id},title=#{title},dept_id=#{dept_id},salary=#{salary},commission_pct=#{commission_pct}
		where id=#{id}
	</update>
	
	
</mapper>