<?xml version="1.0" encoding="UTF-8"?>
<!-- mappers/person.xml -->
<!DOCTYPE mapper
    PUBLIC "-//mybatis.org//DTD Mapper 3.0//EN"
    "http://mybatis.org/dtd/mybatis-3-mapper.dtd">
<mapper namespace="product"> <!-- mybatis는 namespace필수!! -->
   
<!-- 	int no; -->
<!-- 	String title; -->
<!-- 	int price; -->
<!-- 	String desc; -->


<!--        insert into product (num,title,price,descrip)  -->

   <!-- 상품 입력 -->
   <insert id="insert" >
       insert into product (title,price,descrip) 
       values (#{title},#{price},#{descrip}) 
   </insert>
   
   <!-- 전체 상품 조회 -->
   <select id="selectAll" resultType="Product"> 
   <!-- parameterType속성 생략, resultType속성 필수!! -->
       select num,title,price,descrip
       from product
   </select>
   
   
   <!-- (수정폼에 출력할) 상품 조회 -->
   <select id="select" resultType="Product">
       select num,title,price,descrip
       from product
       where num=#{num}
   </select>
   
   <!-- (수정폼에 입력된) 상품 수정 -->
   <update id="update">
       update product
       set title=#{title}, price=#{price}, descrip=#{descrip}
       where num=#{num}
   </update>
   
   <!-- (번호로 구분하는 )상품 삭제 -->
   <delete id="delete">
       delete from product
       where num=#{num}
   </delete>
   
</mapper>    
    
    
    
    
    
    