<?xml version="1.0" encoding="UTF-8"?>
<!DOCTYPE mapper PUBLIC "-//mybatis.org//DTD Mapper 3.0//EN" "http://mybatis.org/dtd/mybatis-3-mapper.dtd">
<mapper namespace="product">

	<select id="select" resultType="Product">
		select * from product
		<if test="num != null">
			where num = #{num}
		</if>
	</select>
	
	<insert id="insert">
		insert into product(title,price,descrip) values(#{title},#{price},#{descrip}) 
	</insert>
	
	<update id="update">
		update product set title=#{title},price=#{price},descrip=#{descrip}
		          where num = #{num}
	</update>
	
	<delete id="delete">
		delete from product where num=#{num}
	</delete>

</mapper>